Recipe, UpperSample, LowerSample, OtherInfo, Averaging, LogFrequency, Type, Radius,TestDate, Operator, Customer, RefStd, Temperature, RH, Liquid, LastCalibDate, LCFz, LCFx, Tip, OtherData, samplevs, SubType,Lubricant,Cleaning22-09-26trial.Rx,,,,10,1000,Reciprocating,1,9/22/2026 3:42:07 AM,,,ASTM/ISO/DIN/SAC,,,N/A,6/11/2026 1:22:52 PM,200N,200N,,N/A,0.3,,,,
Step, Timestamp, RecipeStep, DAQ.Fz (N),XYZ.Z Depth (mm),DAQ.COF (Fx),
1,0.011,1,2.002156,0.4199219,0.007829159,
1,0.021,1,2.005328,0.4199219,0.007707289,
1,0.031,1,2.002278,0.4199219,0.008512894,
1,0.041,1,2.003669,0.4199219,0.006997228,
1,0.051,1,1.996834,0.4199219,0.005664046,
1,0.061,1,2.003627,0.4199219,0.003554674,
1,0.071,1,2.000849,0.4199219,0.009448767,
1,0.081,1,1.998861,0.4199219,0.008437002,
1,0.091,1,2.000111,0.4199219,0.006522868,
1,0.101,1,2.009779,0.4200745,0.004682965,
1,0.111,1,1.997883,0.4200745,0.00848067,
1,0.121,1,2.005042,0.4200745,0.008713673,
1,0.131,1,2.004504,0.4200745,0.005658792,
1,0.141,1,2.00136,0.4200745,0.004323108,
1,0.151,1,2.001377,0.4200745,0.01037937,
1,0.161,1,2.002158,0.4200745,0.007457061,
1,0.171,1,1.998737,0.4200745,0.006632079,
1,0.181,1,2.001816,0.4200745,0.003916731,
1,0.191,1,2.001561,0.4200745,0.009288473,
1,0.201,1,2.006045,0.4203262,0.009889429,
1,0.211,1,2.000268,0.4203262,0.006013735,
1,0.221,1,2.004041,0.4203262,0.008254475,
1,0.231,1,2.006796,0.4203262,0.01013233,
1,0.241,1,2.004355,0.4203262,0.01009487,
1,0.251,1,2.002954,0.4203262,0.006473032,
1,0.261,1,2.006592,0.4203262,0.004506035,
1,0.271,1,2.001714,0.4203262,0.008427698,
1,0.281,1,2.006061,0.4203262,0.009609875,
1,0.291,1,2.007284,0.4205399,0.007663059,
1,0.301,1,2.001356,0.4205399,0.005785082,
1,0.311,1,2.005059,0.4205399,0.006299881,
1,0.321,1,2.006692,0.4205399,0.01114405,
1,0.331,1,2.003489,0.4205399,0.006168468,
1,0.341,1,2.006735,0.4206696,0.006076363,
1,0.351,1,2.002337,0.4206696,0.003635391,
1,0.361,1,2.00192,0.4206696,0.008060765,
1,0.371,1,2.002168,0.4206696,0.008396454,
1,0.381,1,2.001001,0.4206696,0.005542039,
1,0.391,1,2.005506,0.4208069,0.007153677,
1,0.401,1,2.006887,0.4208069,0.009407999,
1,0.411,1,2.00218,0.4208069,0.009717662,
1,0.421,1,2.007733,0.4208069,0.004164963,
1,0.431,1,2.002364,0.4209213,0.006403481,
1,0.441,1,2.007977,0.4209213,0.01259775,
1,0.451,1,2.007705,0.4209213,0.006477443,
1,0.461,1,2.005247,0.4209213,0.001280412,
1,0.471,1,2.005834,0.4209213,0.007864025,
1,0.481,1,2.004059,0.4210205,0.01128256,
1,0.491,1,2.004456,0.4210205,0.008974432,
1,0.501,1,2.007468,0.4210205,0.003569926,
1,0.511,1,2.009358,0.4210205,0.006689981,
1,0.521,1,2.007422,0.4210205,0.01013495,
1,0.531,1,2.008478,0.4210968,0.005521686,
1,0.541,1,2.004745,0.4210968,0.003595353,
1,0.551,1,2.010649,0.4210968,0.007356037,
1,0.561,1,2.005102,0.4210968,0.0114818,
1,0.571,1,2.004103,0.4210968,0.006404531,
1,0.581,1,2.008112,0.4210968,0.006904853,
1,0.591,1,2.003681,0.4210968,0.006362371,
1,0.601,1,2.005871,0.4210968,0.009265556,
1,0.611,1,2.005172,0.4210968,0.006347035,
1,0.621,1,2.001784,0.4210968,0.005389513,
1,0.631,1,2.007745,0.4210968,0.007065492,
1,0.641,1,2.008272,0.4210968,0.008224268,
1,0.651,1,2.001899,0.4210968,0.009041251,
1,0.661,1,2.011152,0.4210968,0.005764273,
1,0.671,1,2.006952,0.4210968,0.006595157,
1,0.681,1,2.005174,0.4210968,0.009978501,
1,0.691,1,2.004518,0.4210968,0.009911014,
1,0.701,1,2.004034,0.4210968,0.004152595,
1,0.711,1,2.006005,0.4210968,0.005292139,
1,0.721,1,2.006186,0.4210968,0.01160971,
1,0.731,1,2.001991,0.4210968,0.009249644,
1,0.741,1,2.008363,0.4210968,0.003263149,
1,0.751,1,2.003454,0.4210968,0.008449165,
1,0.761,1,2.009141,0.4209747,0.01096207,
1,0.771,1,2.00513,0.4209747,0.009254476,
1,0.781,1,2.00201,0.4209747,0.005483663,
1,0.791,1,2.007598,0.4209747,0.00878618,
1,0.801,1,2.005812,0.4209747,0.01092642,
1,0.811,1,2.002076,0.4209747,0.01098537,
1,0.821,1,2.011156,0.4209747,0.005640056,
1,0.831,1,2.001502,0.4209747,0.007444468,
1,0.841,1,2.008757,0.4209747,0.01239586,
1,0.851,1,2.010844,0.4209747,0.009192896,
1,0.861,1,1.997082,0.4209747,0.006495197,
1,0.871,1,2.008205,0.4207458,0.01081459,
1,0.881,1,2.00614,0.4207458,0.01385935,
1,0.891,1,2.004259,0.4207458,0.01118678,
1,0.901,1,2.006636,0.4207458,0.008847282,
1,0.911,1,2.002442,0.4207458,0.01066112,
1,0.921,1,2.0107,0.4207458,0.01319139,
1,0.931,1,2.007885,0.4205704,0.01331153,
1,0.941,1,1.99894,0.4205704,0.01050124,
1,0.951,1,2.007242,0.4205704,0.01201889,
1,0.961,1,2.008178,0.4205704,0.01461309,
1,0.971,1,2.004241,0.4205704,0.01264698,
1,0.981,1,2.003364,0.4205704,0.01208448,
1,0.991,1,2.008031,0.4205704,0.01287094,
1,1.001,1,2.007271,0.4205704,0.01196767,
1,1.011,1,2.001251,0.4205704,0.01512548,
1,1.021,1,2.000227,0.4205704,0.01214263,
1,1.031,1,2.007708,0.4203568,0.0101167,
1,1.041,1,2.004396,0.4203568,0.01389424,
1,1.051,1,2.000151,0.4203568,0.01757745,
1,1.061,1,2.00455,0.4203568,0.01389998,
1,1.071,1,2.003759,0.4203568,0.01016549,
1,1.081,1,2.006493,0.4203568,0.01526027,
1,1.091,1,2.005061,0.4201736,0.01606893,
1,1.101,1,2.002985,0.4201736,0.01031949,
1,1.111,1,2.008219,0.4201736,0.01194597,
1,1.121,1,2.005013,0.4201736,0.01693005,
1,1.131,1,1.998748,0.4201736,0.01669819,
1,1.141,1,2.006475,0.4201736,0.01273793,
1,1.151,1,1.998216,0.4201736,0.01355133,
1,1.161,1,2.00861,0.4201736,0.01469224,
1,1.171,1,2.002572,0.4201736,0.01539368,
1,1.181,1,2.002563,0.4201736,0.01197275,
1,1.191,1,2.003738,0.4199448,0.01323919,
1,1.201,1,2.001647,0.4199448,0.0159771,
1,1.211,1,2.003992,0.4199448,0.01511916,
1,1.221,1,2.005068,0.4199448,0.0129203,
1,1.231,1,1.999234,0.4199448,0.01291784,
1,1.241,1,2.008437,0.4199448,0.01452069,
1,1.251,1,2.001401,0.4199448,0.01388683,
1,1.261,1,1.995925,0.4199448,0.01740319,
1,1.271,1,2.003457,0.4199448,0.0114289,
1,1.281,1,2.003556,0.4197006,0.01333645,
1,1.291,1,1.998065,0.4197006,0.01610099,
1,1.301,1,2.006703,0.4197006,0.01294014,
1,1.311,1,1.997519,0.4197006,0.01164407,
1,1.321,1,2.004214,0.4197006,0.01354979,
1,1.331,1,2.001574,0.4197006,0.01649453,
1,1.341,1,1.994089,0.4197006,0.0147316,
1,1.351,1,2.005801,0.4195404,0.00909631,
1,1.361,1,1.997168,0.4195404,0.01519146,
1,1.371,1,1.998582,0.4195404,0.0201808,
1,1.381,1,2.00171,0.4195404,0.01340099,
1,1.391,1,1.996626,0.4195404,0.009945678,
1,1.401,1,2.003841,0.4195404,0.01812064,
1,1.411,1,2.002952,0.4195404,0.01682775,
1,1.421,1,2.000449,0.4195404,0.01554444,
1,1.431,1,2.002898,0.4195404,0.009993274,
1,1.441,1,2.003283,0.4192963,0.01632742,
1,1.451,1,1.998914,0.4192963,0.015786,
1,1.461,1,2.002206,0.4192963,0.01500716,
1,1.471,1,1.997758,0.4192963,0.01118253,
1,1.481,1,1.998334,0.4192963,0.01521125,
1,1.491,1,2.005999,0.4192963,0.01717957,
1,1.501,1,1.996694,0.4192963,0.01704016,
1,1.511,1,1.999211,0.4192963,0.01096851,
1,1.521,1,2.002373,0.4190903,0.01493213,
1,1.531,1,2.000291,0.4190903,0.01558125,
1,1.541,1,2.000375,0.4190903,0.01502158,
1,1.551,1,1.996705,0.4190903,0.01092361,
1,1.561,1,2.004828,0.4190903,0.01400099,
1,1.571,1,2.000831,0.4190903,0.01763804,
1,1.581,1,1.994998,0.4190903,0.01620319,
1,1.591,1,1.99763,0.4190903,0.01056403,
1,1.601,1,2.00109,0.4190903,0.01353688,
1,1.611,1,2.000814,0.4190903,0.01707329,
1,1.621,1,1.996248,0.4190903,0.01491171,
1,1.631,1,2.00058,0.4190903,0.01058755,
1,1.641,1,2.000863,0.4188766,0.01374522,
1,1.651,1,2.002867,0.4188766,0.01506729,
1,1.661,1,1.991014,0.4188766,0.01306105,
1,1.671,1,2.000113,0.4188766,0.01057455,
1,1.681,1,1.998766,0.4188766,0.01457225,
1,1.691,1,1.995937,0.4188766,0.01823456,
1,1.701,1,1.999094,0.4188766,0.01406925,
1,1.711,1,1.999521,0.4188766,0.01167013,
1,1.721,1,1.999473,0.4188766,0.01350427,
1,1.731,1,2.002714,0.4185715,0.01757133,
1,1.741,1,1.999588,0.4185715,0.01482388,
1,1.751,1,2.000945,0.4185562,0.01150609,
1,1.761,1,2.000086,0.4185562,0.01314357,
1,1.771,1,1.997595,0.4185562,0.01598188,
1,1.781,1,2.005023,0.4185562,0.01600564,
1,1.791,1,1.994258,0.4185562,0.01123355,
1,1.801,1,1.998513,0.4184265,0.01382807,
1,1.811,1,2.001441,0.4184265,0.01346571,
1,1.821,1,1.997232,0.4184265,0.01492781,
1,1.831,1,1.998,0.4184265,0.01359496,
1,1.841,1,1.996316,0.4182968,0.01137827,
1,1.851,1,1.998112,0.4182968,0.01544817,
1,1.861,1,1.998612,0.4182968,0.01310424,
1,1.871,1,1.991463,0.4182968,0.01319689,
1,1.881,1,2.004933,0.4182968,0.01114432,
1,1.891,1,1.999017,0.4181747,0.01569089,
1,1.901,1,1.995405,0.4181747,0.01458764,
1,1.911,1,1.993069,0.4181747,0.01424421,
1,1.921,1,2.000193,0.4181747,0.01408967,
1,1.931,1,1.990319,0.4181747,0.01590869,
1,1.941,1,1.999621,0.4180756,0.01691089,
1,1.951,1,1.994135,0.4180756,0.01219736,
1,1.961,1,2.000675,0.4180222,0.01117318,
1,1.971,1,1.996752,0.4180222,0.01326897,
1,1.981,1,1.997074,0.4180222,0.01489497,
1,1.991,1,1.995723,0.4180222,0.008486807,
1,2.001,1,1.999351,0.4179001,0.009025907,
1,2.011,1,1.992325,0.4179001,0.01625421,
1,2.021,1,1.993952,0.4179001,0.01567391,
1,2.031,1,1.98969,0.4179001,0.01326797,
1,2.041,1,1.99598,0.4179001,0.01123228,
1,2.051,1,1.994456,0.4179001,0.01609613,
1,2.061,1,1.997123,0.4179001,0.0145581,
1,2.071,1,1.995284,0.4179001,0.01280193,
1,2.081,1,1.991589,0.4179001,0.01144827,
1,2.091,1,1.99865,0.4179001,0.01719409,
1,2.101,1,1.992679,0.4177399,0.01483731,
1,2.111,1,1.995319,0.4177399,0.01485453,
1,2.121,1,1.996703,0.4177399,0.01332866,
1,2.131,1,1.992779,0.4177399,0.01294712,
1,2.141,1,1.994087,0.4177399,0.01340096,
1,2.151,1,1.996145,0.4177399,0.01480335,
1,2.161,1,1.996581,0.4177399,0.01483653,
1,2.171,1,1.995984,0.4177399,0.01152549,
1,2.181,1,1.995532,0.4177399,0.01582018,
1,2.191,1,1.995671,0.4177399,0.01533927,
1,2.201,1,1.997236,0.4177399,0.01030136,
1,2.211,1,1.99851,0.4177399,0.0132599,
1,2.221,1,1.993834,0.4177399,0.016333,
1,2.231,1,1.995683,0.4177399,0.01341367,
1,2.241,1,1.993335,0.4177399,0.01070353,
1,2.251,1,1.998475,0.4177399,0.01263325,
1,2.261,1,1.993705,0.4177399,0.01751989,
1,2.271,1,1.99907,0.4177399,0.01334701,
1,2.281,1,1.997929,0.4177399,0.009675253,
1,2.291,1,1.997387,0.4177399,0.01206105,
1,2.301,1,1.997637,0.4177399,0.01611214,
1,2.311,1,1.997957,0.4177399,0.01391011,
1,2.321,1,1.996534,0.4177399,0.009921968,
1,2.331,1,1.99293,0.4177399,0.0133816,
1,2.341,1,1.997692,0.4177399,0.01567689,
1,2.351,1,1.995059,0.4177399,0.01315027,
1,2.361,1,1.992579,0.4177399,0.01075649,
1,2.371,1,1.996604,0.4177399,0.01212458,
1,2.381,1,1.997657,0.4177399,0.0162671,
1,2.391,1,1.994908,0.4177399,0.01244558,
1,2.401,1,1.991365,0.4177399,0.01132887,
1,2.411,1,1.997653,0.4177399,0.01364512,
1,2.421,1,1.995305,0.4177399,0.01502661,
1,2.431,1,1.989641,0.4177399,0.01407235,
1,2.441,1,1.994432,0.4177399,0.01245821,
1,2.451,1,1.992936,0.4177399,0.01302951,
1,2.461,1,1.996017,0.4177399,0.01528191,
1,2.471,1,1.995138,0.4177399,0.01443434,
1,2.481,1,1.996226,0.4177399,0.01336818,
1,2.491,1,1.99421,0.4177399,0.01227565,
1,2.501,1,1.998241,0.4177399,0.01672223,
1,2.511,1,1.994968,0.4177399,0.01617197,
1,2.521,1,1.99339,0.4177399,0.01143613,
1,2.531,1,1.996666,0.4177399,0.01450055,
1,2.541,1,1.995607,0.4177399,0.01721023,
1,2.551,1,1.990729,0.4177399,0.01380829,
1,2.561,1,1.998725,0.4177399,0.01131492,
1,2.571,1,1.991267,0.4177399,0.01132216,
1,2.581,1,1.991401,0.4177399,0.01871136,
1,2.591,1,1.994819,0.4177399,0.01478536,
1,2.601,1,1.995515,0.4177399,0.01062699,
1,2.611,1,2.000597,0.4177399,0.01422897,
1,2.621,1,1.992383,0.4179001,0.01615702,
1,2.631,1,1.99348,0.4179001,0.01433831,
1,2.641,1,1.997035,0.4179001,0.01232887,
1,2.651,1,1.997736,0.4179001,0.01270881,
1,2.661,1,1.99977,0.4179001,0.01528967,
1,2.671,1,1.994734,0.4179001,0.01363989,
1,2.681,1,1.995556,0.4179001,0.009842956,
1,2.691,1,1.999615,0.4179001,0.01212798,
1,2.701,1,1.997944,0.4179001,0.0129702,
1,2.711,1,1.996381,0.4179001,0.01192948,
1,2.721,1,1.998369,0.4181213,0.01028087,
1,2.731,1,1.997363,0.4181213,0.01068161,
1,2.741,1,1.997427,0.4181213,0.01334749,
1,2.751,1,1.992343,0.4181213,0.009517927,
1,2.761,1,1.99455,0.4181213,0.008764162,
1,2.771,1,2.002804,0.4181213,0.01073552,
1,2.781,1,1.998755,0.4181213,0.01109909,
1,2.791,1,1.994222,0.4181213,0.01336997,
1,2.801,1,1.998678,0.4181213,0.007926763,
1,2.811,1,1.991248,0.4183197,0.009486507,
1,2.821,1,1.998021,0.4183197,0.01044141,
1,2.831,1,1.994999,0.4183197,0.01080302,
1,2.841,1,1.991168,0.4183197,0.007435018,
1,2.851,1,2.003732,0.4183197,0.005902925,
1,2.861,1,1.998594,0.4183197,0.01071227,
1,2.871,1,1.989843,0.4183197,0.009051819,
1,2.881,1,1.996439,0.4185257,0.004806205,
1,2.891,1,1.993143,0.4185257,0.006587625,
1,2.901,1,1.997243,0.4185257,0.009000363,
1,2.911,1,1.998366,0.4185257,0.009815812,
1,2.921,1,1.993393,0.4185257,0.00497472,
1,2.931,1,1.998371,0.4185257,0.005148374,
1,2.941,1,1.993865,0.4185257,0.009763246,
1,2.951,1,1.998562,0.4185257,0.008745627,
1,2.961,1,2.005209,0.4185257,0.006556924,
1,2.971,1,1.994239,0.4185257,0.007053184,
1,2.981,1,1.99739,0.4187698,0.008534252,
1,2.991,1,2.001071,0.4187698,0.01018565,
1,3.001,1,1.995679,0.4187698,0.007294687,
1,3.011,1,2.001944,0.4187698,0.008675054,
1,3.021,1,1.999273,0.4187698,0.008067618,
1,3.031,1,1.99736,0.4187698,0.009116608,
1,3.041,1,1.996316,0.4187698,0.007847704,
1,3.051,1,1.997093,0.4189453,0.006659995,
1,3.061,1,1.997722,0.4189453,0.00709588,
1,3.071,1,1.998191,0.4189453,0.01089113,
1,3.081,1,1.992718,0.4189453,0.008738296,
1,3.091,1,1.998541,0.4189453,0.0049249,
1,3.101,1,1.997046,0.4189453,0.006616464,
1,3.111,1,2.001099,0.4189453,0.009846739,
1,3.121,1,1.998096,0.4189453,0.009552729,
1,3.131,1,2.000801,0.4191208,0.004734579,
1,3.141,1,2.000101,0.4191208,0.005849876,
1,3.151,1,1.99672,0.4191208,0.01103835,
1,3.161,1,1.997189,0.4191208,0.007382247,
1,3.171,1,2.001741,0.4191208,0.002880217,
1,3.181,1,2.003665,0.4191208,0.0100522,
1,3.191,1,1.998405,0.4192963,0.009462191,
1,3.201,1,2.006518,0.4193268,0.01006638,
1,3.211,1,1.999333,0.4193268,0.005040252,
1,3.221,1,2.001161,0.4193268,0.008653449,
1,3.231,1,2.002183,0.4193268,0.01025296,
1,3.241,1,1.998948,0.4193268,0.009287952,
1,3.251,1,2.002872,0.4193268,0.005393808,
1,3.261,1,1.995991,0.4194717,0.009112375,
1,3.271,1,2.000743,0.4194717,0.009242197,
1,3.281,1,2.00499,0.4194717,0.01085359,
1,3.291,1,1.99432,0.4194717,0.005862914,
1,3.301,1,2.002249,0.4196014,0.007136483,
1,3.311,1,2.001632,0.4196014,0.007764241,
1,3.321,1,1.994188,0.4196014,0.009243995,
1,3.331,1,1.998854,0.4196014,0.008763785,
1,3.341,1,1.998743,0.4196014,0.006961972,
1,3.351,1,2.004222,0.4197235,0.01017679,
1,3.361,1,2.002538,0.4197235,0.008837936,
1,3.371,1,1.999488,0.4197235,0.007660404,
1,3.381,1,1.999638,0.4197235,0.008779944,
1,3.391,1,2.002212,0.4197235,0.009221849,
1,3.401,1,1.995894,0.4197235,0.009831287,
1,3.411,1,2.001079,0.4197998,0.006532575,
1,3.421,1,2.007056,0.4197998,0.005510996,
1,3.431,1,1.999722,0.4197998,0.01149219,
1,3.441,1,2.000354,0.4197998,0.009934296,
1,3.451,1,2.001812,0.4199219,0.006177756,
1,3.461,1,2.001876,0.4199219,0.007158723,
1,3.471,1,2.000938,0.4199219,0.01121611,
1,3.481,1,2.00136,0.4199219,0.009083173,
1,3.491,1,2.005786,0.4199219,0.005554278,
1,3.501,1,2.010687,0.4200516,0.006348327,
1,3.511,1,2.002356,0.4200516,0.01064689,
1,3.521,1,2.007023,0.4200516,0.01055191,
1,3.531,1,2.00101,0.4200516,0.006274527,
1,3.541,1,2.004681,0.4201736,0.006405091,
1,3.551,1,1.998116,0.4201736,0.009861113,
1,3.561,1,1.997386,0.4201736,0.008816645,
1,3.571,1,2.001007,0.4201736,0.007514839,
1,3.581,1,2.002536,0.4201736,0.00817981,
1,3.591,1,1.997613,0.4202957,0.00939236,
1,3.601,1,2.007573,0.4202957,0.007576246,
1,3.611,1,2.002174,0.4203568,0.009552327,
1,3.621,1,2.00372,0.4203568,0.008128764,
1,3.631,1,2.008243,0.4203568,0.0112955,
1,3.641,1,1.999297,0.4203568,0.009119187,
1,3.651,1,2.003414,0.4203568,0.009958768,
1,3.661,1,2.006617,0.4204407,0.004053638,
1,3.671,1,2.004399,0.4204407,0.00822671,
1,3.681,1,2.004395,0.4204407,0.008956878,
1,3.691,1,2.004695,0.4204407,0.008329265,
1,3.701,1,2.002458,0.4204407,0.006701066,
1,3.711,1,2.00651,0.4204407,0.00728803,
1,3.721,1,1.996816,0.4204407,0.01003807,
1,3.731,1,2.006132,0.4204407,0.006508508,
1,3.741,1,2.003605,0.4204407,0.006622059,
1,3.751,1,2.000407,0.4204407,0.008579392,
1,3.761,1,2.002229,0.4204407,0.01188284,
1,3.771,1,2.009268,0.4206009,0.008651995,
1,3.781,1,2.003418,0.4206009,0.009148957,
1,3.791,1,2.002016,0.4206009,0.008432206,
1,3.801,1,2.006554,0.4206009,0.01074561,
1,3.811,1,2.01293,0.4206009,0.006286896,
1,3.821,1,2.004372,0.4206009,0.008507931,
1,3.831,1,1.997531,0.4206009,0.00988147,
1,3.841,1,2.006137,0.4206009,0.009079478,
1,3.851,1,2.009784,0.4206009,0.006386487,
1,3.861,1,1.999106,0.4206009,0.008766722,
1,3.871,1,2.004612,0.4206009,0.009012955,
1,3.881,1,2.00435,0.4206009,0.009304806,
1,3.891,1,2.004383,0.4206009,0.006898853,
1,3.901,1,2.006676,0.4206009,0.008960844,
1,3.911,1,2.002429,0.4206009,0.00739577,
1,3.921,1,2.004388,0.4206009,0.008050732,
1,3.931,1,2.001783,0.4206009,0.01001033,
1,3.941,1,2.010455,0.4206009,0.008069436,
1,3.951,1,2.002565,0.4206009,0.005294946,
1,3.961,1,2.004466,0.4206009,0.008144774,
1,3.971,1,2.007758,0.4206009,0.01079642,
1,3.981,1,2.0064,0.4206009,0.007411387,
1,3.991,1,2.006603,0.4206009,0.006874946,
1,4.001,1,2.003929,0.4206009,0.009179772,
1,4.011,1,2.004611,0.4206009,0.01145455,
1,4.021,1,2.006226,0.4206009,0.005181782,
1,4.031,1,2.00411,0.4206009,0.008226024,
1,4.041,1,2.005965,0.4206009,0.01134711,
1,4.051,1,2.004008,0.4206009,0.0102532,
1,4.061,1,2.006589,0.4206009,0.004272766,
1,4.071,1,2.005251,0.4206009,0.00750945,
1,4.081,1,2.006218,0.4206009,0.009312018,
1,4.091,1,2.00135,0.4206009,0.008470798,
1,4.101,1,2.00689,0.4206009,0.004554047,
1,4.111,1,2.003909,0.4206009,0.007610611,
1,4.121,1,2.003071,0.4206009,0.01294023,
1,4.131,1,2.001233,0.4206009,0.008689042,
1,4.141,1,2.003255,0.4206009,0.003687567,
1,4.151,1,2.001406,0.4206009,0.009208934,
1,4.161,1,2.00812,0.4206009,0.009925652,
1,4.171,1,2.00873,0.4206009,0.008962229,
1,4.181,1,2.002517,0.4206009,0.007171443,
1,4.191,1,2.003601,0.4206009,0.007171238,
1,4.201,1,2.005339,0.4204712,0.008012587,
1,4.211,1,2.002244,0.4204712,0.008986743,
1,4.221,1,2.007354,0.4204712,0.009682409,
1,4.231,1,2.003344,0.4204712,0.008694091,
1,4.241,1,2.003833,0.4204712,0.01044704,
1,4.251,1,2.006523,0.4204712,0.01301599,
1,4.261,1,2.00415,0.4203262,0.008021226,
1,4.271,1,2.002821,0.4203262,0.007619658,
1,4.281,1,2.006429,0.4203262,0.0114227,
1,4.291,1,2.006818,0.4203262,0.01093511,
1,4.301,1,2.004268,0.4203262,0.009701299,
1,4.311,1,2.00981,0.4203262,0.009829982,
1,4.321,1,2.0035,0.4203262,0.01193733,
1,4.331,1,2.002549,0.4203262,0.01055944,
1,4.341,1,2.000377,0.4203262,0.007075573,
1,4.351,1,2.005632,0.4203262,0.0118687,
1,4.361,1,2.00683,0.4200745,0.01352807,
1,4.371,1,1.999194,0.4200745,0.01100047,
1,4.381,1,2.005712,0.4200745,0.00882833,
1,4.391,1,1.999391,0.4200745,0.01059902,
1,4.401,1,2.001271,0.4200745,0.0123698,
1,4.411,1,2.005744,0.4200745,0.01295951,
1,4.421,1,2.002808,0.4200745,0.01242637,
1,4.431,1,2.005431,0.4200745,0.01379116,
1,4.441,1,2.002539,0.4200745,0.01434896,
1,4.451,1,1.998836,0.4200745,0.01444517,
1,4.461,1,2.005849,0.4198456,0.01389129,
1,4.471,1,2.002595,0.4198456,0.01496233,
1,4.481,1,1.99906,0.4198456,0.01539436,
1,4.491,1,2.006303,0.4198456,0.01520494,
1,4.501,1,2.003491,0.4198456,0.0124466,
1,4.511,1,2.00649,0.4198456,0.01156834,
1,4.521,1,2.005331,0.4196701,0.01103582,
1,4.531,1,2.001369,0.4196701,0.01385249,
1,4.541,1,2.007931,0.4196701,0.0147426,
1,4.551,1,2.002955,0.4196701,0.01205013,
1,4.561,1,2.002392,0.4196701,0.01439095,
1,4.571,1,2.001925,0.4196701,0.01696437,
1,4.581,1,1.997571,0.4196701,0.0146087,
1,4.591,1,2.006374,0.4196701,0.01206192,
1,4.601,1,1.998229,0.4196701,0.01422782,
1,4.611,1,1.999598,0.4196701,0.01600886,
1,4.621,1,2.005789,0.4196701,0.01561862,
1,4.631,1,2.004822,0.4196701,0.01359432,
1,4.641,1,2.001237,0.4193954,0.01374262,
1,4.651,1,2.003176,0.4193954,0.01583589,
1,4.661,1,1.998034,0.4193954,0.01348031,
1,4.671,1,2.002913,0.4193954,0.01274389,
1,4.681,1,2.001943,0.4193954,0.01781455,
1,4.691,1,1.996764,0.4193954,0.0182817,
1,4.701,1,2.001695,0.4192505,0.01409478,
1,4.711,1,1.995826,0.4192505,0.01224562,
1,4.721,1,2.003675,0.4192505,0.0147724,
1,4.731,1,1.999919,0.4192505,0.01310122,
1,4.741,1,2.002249,0.4192505,0.01667871,
1,4.751,1,2.001372,0.4192505,0.01347555,
1,4.761,1,2.00253,0.4192505,0.01201633,
1,4.771,1,1.998823,0.4192505,0.01402468,
1,4.781,1,2.004906,0.4192505,0.01659006,
1,4.791,1,1.995015,0.4192505,0.0137504,
1,4.801,1,1.996878,0.4192505,0.01307359,
1,4.811,1,2.000951,0.4189758,0.01311823,
1,4.821,1,1.996969,0.4189758,0.01643408,
1,4.831,1,1.998703,0.4189758,0.01288449,
1,4.841,1,2.000107,0.4189758,0.01122791,
1,4.851,1,1.998225,0.4189758,0.0168052,
1,4.861,1,2.004997,0.4188461,0.01804185,
1,4.871,1,1.994769,0.4188461,0.01569145,
1,4.881,1,1.997654,0.4188461,0.01354678,
1,4.891,1,1.999149,0.4188461,0.01801717,
1,4.901,1,1.999132,0.4187241,0.01521589,
1,4.911,1,2.000676,0.4187241,0.01089288,
1,4.921,1,1.999332,0.4187241,0.01270384,
1,4.931,1,1.994948,0.4187241,0.0165237,
1,4.941,1,2.000579,0.4187241,0.01668597,
1,4.951,1,2.001117,0.4187241,0.01098177,
1,4.961,1,1.998254,0.4187241,0.01518531,
1,4.971,1,1.99891,0.4185562,0.01782287,
1,4.981,1,1.999897,0.4185562,0.01615095,
1,4.991,1,1.997728,0.4185562,0.01393583,
1,5.001,1,1.997732,0.4185562,0.0139841,
1,5.011,1,1.996329,0.4185562,0.01826871,
1,5.021,1,1.999219,0.4184265,0.01661342,
1,5.031,1,1.994727,0.4184265,0.01295178,
1,5.041,1,1.998173,0.4184265,0.01460595,
1,5.051,1,1.997063,0.4184265,0.01605547,
1,5.061,1,1.995927,0.4182968,0.01749513,
1,5.071,1,1.996691,0.4182968,0.01199394,
1,5.081,1,1.997138,0.4182968,0.01242718,
1,5.091,1,1.99933,0.4182968,0.01804646,
1,5.101,1,2.001804,0.4182968,0.014347,
1,5.111,1,1.989407,0.41819,0.01403198,
1,5.121,1,1.99371,0.41819,0.01172696,
1,5.131,1,2.000495,0.41819,0.01405016,
1,5.141,1,1.992817,0.41819,0.01739175,
1,5.151,1,1.995455,0.41819,0.01447785,
1,5.161,1,1.998474,0.4180756,0.0113992,
1,5.171,1,1.996467,0.4180756,0.01618249,
1,5.181,1,1.999261,0.4180756,0.01611893,
1,5.191,1,1.995801,0.4180756,0.01686769,
1,5.201,1,1.995876,0.4180756,0.01212353,
1,5.211,1,1.996553,0.4179764,0.01566824,
1,5.221,1,1.99631,0.4179764,0.01761982,
1,5.231,1,1.998472,0.4179764,0.01302043,
1,5.241,1,1.995344,0.4179764,0.01245005,
1,5.251,1,1.996555,0.4179764,0.01614574,
1,5.261,1,1.999207,0.4178467,0.01489494,
1,5.271,1,2.000591,0.4178467,0.01320395,
1,5.281,1,1.998804,0.4178467,0.01207367,
1,5.291,1,1.999111,0.4178467,0.01574774,
1,5.301,1,1.996677,0.4178467,0.01539768,
1,5.311,1,1.99776,0.4178467,0.01573415,
1,5.321,1,1.994365,0.4178467,0.01299523,
1,5.331,1,1.993353,0.4178467,0.0143047,
1,5.341,1,1.993865,0.4176559,0.01504665,
1,5.351,1,1.996688,0.4176559,0.01280011,
1,5.361,1,1.998285,0.4176559,0.01499089,
1,5.371,1,1.998292,0.4176559,0.01386905,
1,5.381,1,1.99403,0.4176559,0.0141132,
1,5.391,1,1.990555,0.4176559,0.01143654,
1,5.401,1,1.99523,0.4176559,0.01206588,
1,5.411,1,1.993471,0.4176254,0.01270637,
1,5.421,1,1.992785,0.4176254,0.01718753,
1,5.431,1,1.995018,0.4176254,0.01496164,
1,5.441,1,1.994456,0.4176254,0.01183357,
1,5.451,1,1.99634,0.4176254,0.0110485,
1,5.461,1,1.992486,0.4176254,0.01476177,
1,5.471,1,1.992856,0.4176254,0.0165628,
1,5.481,1,1.99823,0.4176254,0.01036875,
1,5.491,1,1.990861,0.4176254,0.01378308,
1,5.501,1,1.998617,0.4176254,0.01756258,
1,5.511,1,1.998117,0.4176254,0.01416565,
1,5.521,1,1.994186,0.4176254,0.01393923,
1,5.531,1,1.999626,0.4176254,0.01085129,
1,5.541,1,1.990748,0.4176254,0.01907992,
1,5.551,1,1.999397,0.4176254,0.01475223,
1,5.561,1,1.997215,0.4176254,0.0127235,
1,5.571,1,1.993145,0.4176254,0.0146615,
1,5.581,1,2.001168,0.4176254,0.01649592,
1,5.591,1,1.993294,0.4176254,0.01547711,
1,5.601,1,1.997333,0.4176254,0.01064545,
1,5.611,1,1.994781,0.4176254,0.01605737,
1,5.621,1,1.996678,0.4176254,0.01506469,
1,5.631,1,1.999152,0.4176254,0.01631047,
1,5.641,1,1.991789,0.4176254,0.01169682,
1,5.651,1,1.99768,0.4176254,0.01076637,
1,5.661,1,1.999296,0.4176254,0.0160526,
1,5.671,1,1.989847,0.4176254,0.01650468,
1,5.681,1,1.994211,0.4176254,0.01241075,
1,5.691,1,1.99472,0.4176254,0.01093225,
1,5.701,1,1.99817,0.4176254,0.01558377,
1,5.711,1,1.994743,0.4176254,0.01526843,
1,5.721,1,1.993329,0.4176254,0.01351985,
1,5.731,1,2.000633,0.4176254,0.0106642,
1,5.741,1,1.998369,0.4176254,0.01388527,
1,5.751,1,1.990042,0.4176254,0.01760789,
1,5.761,1,1.996822,0.4176254,0.01200995,
1,5.771,1,1.992978,0.4176254,0.01234849,
1,5.781,1,1.996652,0.4177399,0.01603839,
1,5.791,1,1.99542,0.4177399,0.01639923,
1,5.801,1,1.995878,0.4177399,0.01194426,
1,5.811,1,1.995836,0.4177399,0.01141821,
1,5.821,1,1.995743,0.4177399,0.01564124,
1,5.831,1,1.996378,0.4177399,0.01400713,
1,5.841,1,1.993596,0.4177399,0.01037029,
1,5.851,1,1.998674,0.417923,0.009513985,
1,5.861,1,1.990476,0.417923,0.01450636,
1,5.871,1,1.999839,0.417923,0.01435116,
1,5.881,1,1.992774,0.417923,0.009640903,
1,5.891,1,1.996691,0.417923,0.009814709,
1,5.901,1,1.99934,0.417923,0.01469593,
1,5.911,1,1.995677,0.417923,0.01109617,
1,5.921,1,1.99706,0.417923,0.009514818,
1,5.931,1,1.999992,0.417923,0.01112509,
1,5.941,1,1.994761,0.417923,0.01205465,
1,5.951,1,1.994745,0.417923,0.01047706,
1,5.961,1,1.994854,0.4181747,0.008389961,
1,5.971,1,2.000028,0.4181747,0.007870472,
1,5.981,1,2.002994,0.4181747,0.01093792,
1,5.991,1,1.994496,0.4181747,0.01253647,
1,6.001,1,1.993547,0.4181747,0.008315246,
1,6.011,1,1.999992,0.4181747,0.006709069,
1,6.021,1,1.997239,0.4183502,0.009359462,
1,6.031,1,2.001509,0.4183502,0.009110169,
1,6.041,1,1.991206,0.4183502,0.007779373,
1,6.051,1,1.996611,0.4183502,0.005073376,
1,6.061,1,1.996502,0.4183502,0.009748139,
1,6.071,1,1.993624,0.4183502,0.01292082,
1,6.081,1,1.99719,0.4183502,0.007001994,
1,6.091,1,1.99552,0.4183502,0.005190114,
1,6.101,1,1.996797,0.4183502,0.01073112,
1,6.111,1,1.999638,0.4183502,0.01066069,
1,6.121,1,1.9928,0.4185715,0.007805272,
1,6.131,1,1.99393,0.4185715,0.004866374,
1,6.141,1,1.996912,0.4185715,0.008375607,
1,6.151,1,1.997528,0.4185715,0.01174301,
1,6.161,1,1.997143,0.4185715,0.005478133,
1,6.171,1,1.992406,0.4185715,0.005766148,
1,6.181,1,1.999754,0.4185715,0.008876975,
1,6.191,1,1.99916,0.4185715,0.0121028,
1,6.201,1,1.995245,0.4185715,0.008928215,
1,6.211,1,1.997439,0.4185715,0.005866876,
1,6.221,1,2.000622,0.4185715,0.009443773,
1,6.231,1,1.997422,0.4188232,0.0106209,
1,6.241,1,1.99946,0.4188232,0.01010727,
1,6.251,1,1.994131,0.4188232,0.009025211,
1,6.261,1,2.003317,0.4188232,0.008739655,
1,6.271,1,1.994046,0.4188232,0.01226689,
1,6.281,1,1.993213,0.4188232,0.009503515,
1,6.291,1,1.998553,0.4189758,0.009014452,
1,6.301,1,1.998592,0.4189758,0.008071491,
1,6.311,1,1.992629,0.4189758,0.01065551,
1,6.321,1,1.997498,0.4189758,0.009389099,
1,6.331,1,1.997333,0.4189758,0.007894262,
1,6.341,1,2.00303,0.4189758,0.008244638,
1,6.351,1,2.002314,0.4189758,0.01192124,
1,6.361,1,1.996662,0.4189758,0.009644818,
1,6.371,1,2.006718,0.4189758,0.004641545,
1,6.381,1,2.003644,0.4192505,0.006996613,
1,6.391,1,1.99623,0.4192505,0.0111535,
1,6.401,1,2.003902,0.4192505,0.009811664,
1,6.411,1,2.000256,0.4192505,0.002593206,
1,6.421,1,2.001048,0.4192505,0.008351971,
1,6.431,1,1.999449,0.4192505,0.01477029,
1,6.441,1,1.999095,0.4193726,0.007229842,
1,6.451,1,2.003548,0.4193726,0.005073883,
1,6.461,1,1.99964,0.4193726,0.009131203,
1,6.471,1,2.004177,0.4193726,0.01093606,
1,6.481,1,2.001093,0.4193726,0.01001285,
1,6.491,1,1.999032,0.4194946,0.006034092,
1,6.501,1,2.001357,0.4194946,0.007608543,
1,6.511,1,2.004849,0.4194946,0.009395551,
1,6.521,1,1.998423,0.4195709,0.009928086,
1,6.531,1,1.999623,0.4195709,0.006001181,
1,6.541,1,1.99628,0.4195709,0.005974255,
1,6.551,1,2.003358,0.4195709,0.01037076,
1,6.561,1,2.00144,0.4195709,0.01327647,
1,6.571,1,1.997981,0.4195709,0.006346174,
1,6.581,1,2.002765,0.4195709,0.006723776,
1,6.591,1,2.004619,0.4197006,0.008676715,
1,6.601,1,1.997693,0.4197006,0.009555924,
1,6.611,1,2.003443,0.4197006,0.00646782,
1,6.621,1,2.000628,0.4197006,0.007163914,
1,6.631,1,2.000474,0.4197006,0.00978321,
1,6.641,1,2.002685,0.4198761,0.01371268,
1,6.651,1,1.998571,0.4199066,0.003260832,
1,6.661,1,1.998863,0.4199066,0.004868466,
1,6.671,1,2.006628,0.4199066,0.01186913,
1,6.681,1,2.00121,0.4199066,0.01068925,
1,6.691,1,2.003437,0.4200516,0.005701113,
1,6.701,1,2.001544,0.4200516,0.00790881,
1,6.711,1,2.002461,0.4200516,0.01085518,
1,6.721,1,2.003548,0.4200516,0.0109124,
1,6.731,1,2.002036,0.4200516,0.005864139,
1,6.741,1,2.00433,0.4200516,0.008238454,
1,6.751,1,2.002905,0.4200516,0.00997686,
1,6.761,1,1.999255,0.4200516,0.008577283,
1,6.771,1,2.003908,0.4201508,0.008457439,
1,6.781,1,1.999879,0.4201508,0.009267133,
1,6.791,1,2.004091,0.4201508,0.0117182,
1,6.801,1,2.004198,0.4201508,0.009965032,
1,6.811,1,2.002154,0.4202957,0.00708736,
1,6.821,1,1.997292,0.4202957,0.00703274,
1,6.831,1,2.006387,0.4202957,0.0101053,
1,6.841,1,2.002297,0.4202957,0.01049966,
1,6.851,1,2.001399,0.4202957,0.009681921,
1,6.861,1,2.006116,0.4204254,0.00510484,
1,6.871,1,2.003141,0.4204254,0.009286363,
1,6.881,1,2.000084,0.4204254,0.01188795,
1,6.891,1,2.001909,0.4204254,0.006029508,
1,6.901,1,2.005209,0.4204254,0.00518992,
1,6.911,1,2.007402,0.4204254,0.009375189,
1,6.921,1,2.007914,0.4205017,0.01086221,
1,6.931,1,2.001004,0.4205017,0.007057826,
1,6.941,1,2.005177,0.4205017,0.006817632,
1,6.951,1,2.002011,0.4205017,0.009028579,
1,6.961,1,2.003145,0.4205017,0.01251486,
1,6.971,1,1.999217,0.4205017,0.007302265,
1,6.981,1,2.003256,0.4205017,0.008865247,
1,6.991,1,2.00478,0.4205017,0.01177226,
1,7.001,1,2.000264,0.4205017,0.01122606,
1,7.011,1,2.001531,0.4205017,0.008658014,
1,7.021,1,2.003519,0.4205017,0.005205975,
1,7.031,1,2.000271,0.4205017,0.01080472,
1,7.041,1,2.005364,0.4205017,0.01106701,
1,7.051,1,2.000678,0.4205017,0.008671417,
1,7.061,1,2.005129,0.4205017,0.009762035,
1,7.071,1,2.002967,0.4205017,0.01000716,
1,7.081,1,2.001866,0.4205017,0.01259912,
1,7.091,1,2.000765,0.4205017,0.007230975,
1,7.101,1,2.003123,0.4205017,0.01051557,
1,7.111,1,2.004883,0.4205017,0.01387883,
1,7.121,1,2.007998,0.4205017,0.01277439,
1,7.131,1,2.003212,0.4205017,0.01304978,
1,7.141,1,2.002435,0.4205017,0.008917671,
1,7.151,1,2.0057,0.4205017,0.00910655,
1,7.161,1,2.002771,0.4205017,0.009159361,
1,7.171,1,1.998164,0.4205017,0.00771035,
1,7.181,1,2.003869,0.4205017,0.00889066,
1,7.191,1,2.00292,0.4205017,0.005891495,
1,7.201,1,2.006333,0.4205017,0.01089974,
1,7.211,1,1.996496,0.4205017,0.01084268,
1,7.221,1,2.007258,0.4205017,0.006856112,
1,7.231,1,2.006038,0.4205017,0.006996494,
1,7.241,1,1.997242,0.4205017,0.01157887,
1,7.251,1,2.005409,0.4205017,0.009607078,
1,7.261,1,2.006342,0.4205017,0.004905576,
1,7.271,1,2.006647,0.4205017,0.006646232,
1,7.281,1,1.999518,0.4205017,0.01386918,
1,7.291,1,2.002636,0.4205017,0.01017202,
1,7.301,1,2.003308,0.4205017,0.005260861,
1,7.311,1,2.00855,0.4205017,0.005242888,
1,7.321,1,2.002276,0.4205017,0.01165777,
1,7.331,1,2.003113,0.4205017,0.009286134,
1,7.341,1,2.006589,0.4205017,0.003518937,
1,7.351,1,2.004784,0.4205017,0.007430101,
1,7.361,1,2.006512,0.4205017,0.009385552,
1,7.371,1,2.005505,0.4205017,0.01253642,
1,7.381,1,2.001077,0.4205017,0.006035066,
1,7.391,1,2.004795,0.4205017,0.007380548,
1,7.401,1,2.003396,0.4205017,0.01253464,
1,7.411,1,2.004779,0.4205017,0.01078829,
1,7.421,1,2.001066,0.4205017,0.009214753,
1,7.431,1,2.005507,0.4205017,0.008903431,
1,7.441,1,2.001709,0.4205017,0.0128324,
1,7.451,1,2.003927,0.4205017,0.008680248,
1,7.461,1,1.996041,0.4205017,0.008326596,
1,7.471,1,2.008032,0.4205017,0.006910383,
1,7.481,1,2.001604,0.4205017,0.009921649,
1,7.491,1,2.001728,0.4205017,0.008946836,
1,7.501,1,2.005921,0.4205017,0.007486885,
1,7.511,1,2.003927,0.4205017,0.006379197,
1,7.521,1,2.008762,0.4205017,0.01203323,
1,7.531,1,2.001893,0.4205017,0.01263805,
1,7.541,1,2.003405,0.4205017,0.00727294,
1,7.551,1,2.005977,0.4205017,0.007618286,
1,7.561,1,2.005057,0.4205017,0.01299357,
1,7.571,1,2.00573,0.4205017,0.01244548,
1,7.581,1,2.002226,0.4205017,0.007184769,
1,7.591,1,2.005823,0.4205017,0.004581867,
1,7.601,1,2.006605,0.4205017,0.01251998,
1,7.611,1,2.003652,0.4205017,0.01368678,
1,7.621,1,2.000932,0.4205017,0.005743425,
1,7.631,1,2.007118,0.4203949,0.007885842,
1,7.641,1,2.002755,0.4203949,0.01113215,
1,7.651,1,2.006626,0.4203949,0.01056119,
1,7.661,1,2.005183,0.4203949,0.006624844,
1,7.671,1,2.002596,0.4203949,0.008059707,
1,7.681,1,2.009939,0.4203949,0.01052983,
1,7.691,1,2.001682,0.4203949,0.01088652,
1,7.701,1,2.00738,0.4203949,0.006776577,
1,7.711,1,2.006451,0.4202499,0.01059668,
1,7.721,1,2.006322,0.4202499,0.01290541,
1,7.731,1,2.002764,0.4202499,0.009765602,
1,7.741,1,2.003584,0.4202499,0.007313414,
1,7.751,1,2.005967,0.4202499,0.01097933,
1,7.761,1,2.007601,0.4202499,0.01153848,
1,7.771,1,2.00036,0.4202499,0.01252359,
1,7.781,1,1.997492,0.4202499,0.01419904,
1,7.791,1,2.00261,0.4202499,0.008654048,
1,7.801,1,2.002043,0.4202499,0.01064513,
1,7.811,1,2.000828,0.4199448,0.01565158,
1,7.821,1,2.004207,0.4199448,0.01231448,
1,7.831,1,2.000193,0.4199448,0.01032422,
1,7.841,1,2.0075,0.4199448,0.01420915,
1,7.851,1,2.005869,0.4199448,0.01897042,
1,7.861,1,2.005493,0.4199448,0.009968815,
1,7.871,1,2.005123,0.4197769,0.0118297,
1,7.881,1,2.001741,0.4197769,0.01554689,
1,7.891,1,2.00408,0.4197769,0.0168452,
1,7.901,1,2.001703,0.4197769,0.01248931,
1,7.911,1,2.007739,0.4197769,0.01035319,
1,7.921,1,2.002254,0.4197769,0.01598652,
1,7.931,1,2.000326,0.4197769,0.01633988,
1,7.941,1,2.002432,0.4197769,0.0118477,
1,7.951,1,2.00741,0.4197769,0.01390092,
1,7.961,1,2.002549,0.4197769,0.0156934,
1,7.971,1,2.001397,0.4195404,0.01597804,
1,7.981,1,2.000255,0.4195404,0.01666448,
1,7.991,1,1.998989,0.4195404,0.01199546,
1,8.001,1,2.01155,0.4195404,0.01226072,
1,8.011,1,1.995598,0.4195404,0.01299544,
1,8.021,1,2.002569,0.4195404,0.01525669,
1,8.031,1,2.004361,0.4195404,0.01591216,
1,8.041,1,2.000374,0.4195404,0.01411557,
1,8.051,1,2.005825,0.4195404,0.01886111,
1,8.061,1,1.99948,0.4193268,0.01681623,
1,8.071,1,2.002197,0.4193268,0.01249172,
1,8.081,1,2.005527,0.4193268,0.01442297,
1,8.091,1,2.001656,0.4193268,0.0168668,
1,8.101,1,1.999887,0.4193268,0.01746137,
1,8.111,1,2.000858,0.4193268,0.01131239,
1,8.121,1,2.001698,0.4193268,0.01330162,
1,8.131,1,2.000042,0.4193268,0.01675238,
1,8.141,1,2.001428,0.4193268,0.01413333,
1,8.151,1,2.000932,0.4193268,0.009857377,
1,8.161,1,2.000718,0.419075,0.01155737,
1,8.171,1,1.998221,0.419075,0.01626422,
1,8.181,1,1.998331,0.419075,0.01594125,
1,8.191,1,2.006129,0.419075,0.01054015,
1,8.201,1,2.001767,0.419075,0.01313876,
1,8.211,1,1.996546,0.419075,0.0192935,
1,8.221,1,2.001615,0.419075,0.01765712,
1,8.231,1,1.998288,0.419075,0.01234226,
1,8.241,1,1.998834,0.419075,0.01282689,
1,8.251,1,1.996999,0.419075,0.01823068,
1,8.261,1,1.996874,0.4188232,0.01646264,
1,8.271,1,2.003608,0.4188232,0.01437197,
1,8.281,1,1.997108,0.4188232,0.01113268,
1,8.291,1,2.001565,0.4188232,0.01548971,
1,8.301,1,2.001909,0.4187241,0.01380065,
1,8.311,1,1.996813,0.4187241,0.01079518,
1,8.321,1,2.002329,0.4187241,0.01238616,
1,8.331,1,1.995363,0.4187241,0.01594119,
1,8.341,1,1.999173,0.4187241,0.0158097,
1,8.351,1,1.998303,0.418602,0.01110098,
1,8.361,1,2.000081,0.418602,0.01376367,
1,8.371,1,2.000868,0.418602,0.01577133,
1,8.381,1,1.998114,0.418602,0.01535842,
1,8.391,1,1.994314,0.418602,0.01135114,
1,8.401,1,1.99869,0.4184723,0.01416189,
1,8.411,1,1.996888,0.4184723,0.01716772,
1,8.421,1,1.998558,0.4184723,0.01623379,
1,8.431,1,2.000624,0.4184723,0.01245559,
1,8.441,1,2.000021,0.4183502,0.01151295,
1,8.451,1,1.998078,0.4183502,0.01577935,
1,8.461,1,2.00193,0.4183197,0.01817187,
1,8.471,1,1.997065,0.4183197,0.01212748,
1,8.481,1,2.000175,0.4183197,0.01367016,
1,8.491,1,1.99729,0.4183197,0.01498689,
1,8.501,1,1.996404,0.4183197,0.01752691,
1,8.511,1,2.002714,0.41819,0.01343198,
1,8.521,1,1.995877,0.41819,0.01451014,
1,8.531,1,1.996002,0.41819,0.01982397,
1,8.541,1,1.996294,0.41819,0.01500091,
1,8.551,1,1.996349,0.41819,0.01326005,
1,8.561,1,2.000412,0.4180756,0.01288814,
1,8.571,1,1.996901,0.4180756,0.01654148,
1,8.581,1,1.999748,0.4180756,0.01663798,
1,8.591,1,1.995865,0.4180756,0.01450028,
1,8.601,1,1.993159,0.4180756,0.01416545,
1,8.611,1,2.00292,0.4180756,0.01668032,
1,8.621,1,1.993514,0.4180756,0.01697619,
1,8.631,1,1.997632,0.4179459,0.01290022,
1,8.641,1,1.999573,0.4179459,0.01305577,
1,8.651,1,1.994103,0.4179459,0.01526747,
1,8.661,1,1.994623,0.4179459,0.01718215,
1,8.671,1,1.996654,0.4178009,0.01518288,
1,8.681,1,1.99624,0.4178009,0.01318918,
1,8.691,1,2.00394,0.4178009,0.01315807,
1,8.701,1,1.991563,0.4178009,0.01712172,
1,8.711,1,1.994576,0.4178009,0.01446092,
1,8.721,1,1.998331,0.4177246,0.01327708,
1,8.731,1,1.995477,0.4177246,0.01397788,
1,8.741,1,1.995807,0.4177246,0.01580187,
1,8.751,1,1.996914,0.4177246,0.01457326,
1,8.761,1,1.998001,0.4177246,0.01468266,
1,8.771,1,1.996216,0.4177246,0.01531942,
1,8.781,1,1.99192,0.4177246,0.01636724,
1,8.791,1,1.997065,0.4177246,0.0142407,
1,8.801,1,2.001228,0.4177246,0.01361121,
1,8.811,1,1.994809,0.4177246,0.0144135,
1,8.821,1,1.998221,0.4177246,0.01489296,
1,8.831,1,1.999968,0.4177246,0.01511171,
1,8.841,1,1.995675,0.4177246,0.01395103,
1,8.851,1,1.99753,0.4177246,0.01507365,
1,8.861,1,1.998064,0.4177246,0.01354308,
1,8.871,1,1.993405,0.4177246,0.01600772,
1,8.881,1,2.000953,0.4177246,0.01404233,
1,8.891,1,1.99381,0.4177246,0.01388026,
1,8.901,1,1.999277,0.4177246,0.0145538,
1,8.911,1,1.999148,0.4177246,0.01384391,
1,8.921,1,1.997804,0.4177246,0.01416316,
1,8.931,1,1.998984,0.4177246,0.01548274,
1,8.941,1,1.992064,0.4177246,0.01282493,
1,8.951,1,1.992513,0.4177246,0.01373312,
1,8.961,1,2.001047,0.4177246,0.01326272,
1,8.971,1,1.995366,0.4177246,0.01410892,
1,8.981,1,1.997043,0.4177246,0.01242023,
1,8.991,1,1.994623,0.4177246,0.01920651,
1,9.001,1,1.995594,0.4177246,0.01396494,
1,9.011,1,1.994779,0.4177246,0.01173438,
1,9.021,1,1.995647,0.4177246,0.01468744,
1,9.031,1,1.989684,0.4177246,0.01817196,
1,9.041,1,1.998008,0.4177246,0.01156942,
1,9.051,1,1.994419,0.4177246,0.01385714,
1,9.061,1,1.994809,0.4177246,0.01641441,
1,9.071,1,1.996272,0.4177246,0.01575151,
1,9.081,1,1.996424,0.4177246,0.01120294,
1,9.091,1,1.996133,0.4177246,0.01374262,
1,9.101,1,1.998771,0.4177246,0.01865533,
1,9.111,1,1.999142,0.4177246,0.01551603,
1,9.121,1,1.999642,0.4177246,0.01095063,
1,9.131,1,1.993192,0.4177246,0.01250688,
1,9.141,1,1.995973,0.4177246,0.01613239,
1,9.151,1,1.995184,0.4177246,0.01422205,
1,9.161,1,1.996104,0.4177246,0.01438742,
1,9.171,1,1.994551,0.4177246,0.01358935,
1,9.181,1,1.992408,0.4177246,0.0163992,
1,9.191,1,1.992199,0.4177246,0.01521343,
1,9.201,1,1.997285,0.4177246,0.01362136,
1,9.211,1,1.997024,0.4177246,0.01291338,
1,9.221,1,1.999084,0.4177246,0.01501164,
1,9.231,1,1.998738,0.4177246,0.0178302,
1,9.241,1,1.995127,0.4177246,0.0162171,
1,9.251,1,1.994967,0.4177246,0.01352215,
1,9.261,1,1.997927,0.4177246,0.01425902,
1,9.271,1,1.992116,0.4177246,0.01537691,
1,9.281,1,2.000164,0.4177246,0.0158203,
1,9.291,1,2.000337,0.4177246,0.009814803,
1,9.301,1,2.000133,0.4177246,0.01506658,
1,9.311,1,1.997295,0.4177246,0.01601418,
1,9.321,1,1.993481,0.4177246,0.01463055,
1,9.331,1,1.999632,0.4178467,0.009608537,
1,9.341,1,1.991656,0.4178467,0.01489814,
1,9.351,1,1.995595,0.4178467,0.01766881,
1,9.361,1,1.998635,0.4178467,0.009539046,
1,9.371,1,1.998404,0.4178467,0.01147446,
1,9.381,1,1.995679,0.4179459,0.01732874,
1,9.391,1,1.998513,0.4179459,0.01434508,
1,9.401,1,1.995832,0.4179459,0.01120583,
1,9.411,1,1.997612,0.4179459,0.01240823,
1,9.421,1,1.997612,0.4180756,0.01547285,
1,9.431,1,1.99531,0.4180756,0.01402301,
1,9.441,1,1.999712,0.4180756,0.01111402,
1,9.451,1,1.993918,0.4180756,0.0117537,
1,9.461,1,1.995691,0.4180756,0.01386486,
1,9.471,1,1.999698,0.4180756,0.0111019,
1,9.481,1,1.993984,0.4180756,0.01170066,
1,9.491,1,2.002081,0.4180756,0.01114807,
1,9.501,1,1.994832,0.4180756,0.01367447,
1,9.511,1,1.99842,0.4180756,0.01208823,
1,9.521,1,1.999134,0.4183197,0.01113988,
1,9.531,1,1.994291,0.4183197,0.01021394,
1,9.541,1,1.999468,0.4183502,0.01114439,
1,9.551,1,1.997926,0.4183502,0.01061277,
1,9.561,1,1.990252,0.4183502,0.01083562,
1,9.571,1,1.997319,0.4183502,0.008189246,
1,9.581,1,1.994353,0.4183502,0.008093398,
1,9.591,1,1.996373,0.4183502,0.008932744,
1,9.601,1,2.00069,0.4184723,0.008557358,
1,9.611,1,1.995419,0.4184723,0.006211893,
1,9.621,1,2.000721,0.4184723,0.00951051,
1,9.631,1,1.999762,0.4184723,0.009400207,
1,9.641,1,1.993369,0.4184723,0.01066305,
1,9.651,1,2.002454,0.4184723,0.007972863,
1,9.661,1,1.996705,0.4184723,0.008439005,
1,9.671,1,1.995254,0.4184723,0.01027103,
1,9.681,1,2.003385,0.4187241,0.006479067,
1,9.691,1,1.998762,0.4187241,0.008504342,
1,9.701,1,2.001273,0.4187241,0.007643539,
1,9.711,1,1.999881,0.4187241,0.01082957,
1,9.721,1,2.003121,0.4187241,0.01088582,
1,9.731,1,2.002149,0.4187241,0.006305461,
1,9.741,1,1.997208,0.4187241,0.006629075,
1,9.751,1,2.000383,0.4187241,0.00887171,
1,9.761,1,2.007204,0.4189453,0.008924325,
1,9.771,1,1.998092,0.4189758,0.008610545,
1,9.781,1,1.99844,0.4189758,0.009621609,
1,9.791,1,2.000007,0.4189758,0.00917765,
1,9.801,1,1.995415,0.4189758,0.009129851,
1,9.811,1,1.997338,0.4189758,0.00659262,
1,9.821,1,2.002288,0.4189758,0.007255854,
1,9.831,1,1.996242,0.419075,0.01142937,
1,9.841,1,2.001945,0.419075,0.009241883,
1,9.851,1,1.99657,0.419075,0.009393125,
1,9.861,1,2.004957,0.419075,0.006595769,
1,9.871,1,1.992771,0.419075,0.00900138,
1,9.881,1,1.998102,0.4191971,0.0108607,
1,9.891,1,1.999763,0.4191971,0.00765498,
1,9.901,1,2.002753,0.4191971,0.006002131,
1,9.911,1,1.99843,0.4191971,0.009274326,
1,9.921,1,1.99952,0.4193268,0.01138475,
1,9.931,1,2.000914,0.4193268,0.008422489,
1,9.941,1,1.999144,0.4193268,0.004011679,
1,9.951,1,1.997035,0.4193268,0.01134509,
1,9.961,1,2.001527,0.4193268,0.01108462,
1,9.971,1,2.003571,0.4194565,0.008576705,
1,9.981,1,1.997435,0.4194565,0.006395844,
1,9.991,1,2.001448,0.4194717,0.00955711,
1,10.001,1,2.003049,0.4194717,0.008852185,
1,10.011,1,1.99863,0.4194717,0.008028224,
2,0.011,2,2.00193,0.4198456,0.00791632,
2,0.021,2,1.999505,0.4198456,0.000465422,
2,0.031,2,1.998706,0.4198456,0.08069897,
2,0.041,2,1.997219,0.4198456,0.129944,
2,0.051,2,2.002746,0.4198456,0.1606757,
2,0.061,2,1.993663,0.4198456,0.1851319,
2,0.071,2,2.001221,0.4198456,0.1976158,
2,0.081,2,2.000395,0.4199448,0.1915256,
2,0.091,2,1.998626,0.4199448,0.1887765,
2,0.101,2,2.001848,0.4199448,0.1792986,
2,0.111,2,1.99501,0.4199448,0.1782744,
2,0.121,2,1.999507,0.4199448,0.1694172,
2,0.131,2,1.99497,0.4199448,0.1664985,
2,0.141,2,1.998987,0.4199448,0.1638214,
2,0.151,2,1.998446,0.4199448,0.1625962,
2,0.161,2,2.001536,0.4199448,0.1755752,
2,0.171,2,1.996555,0.4199448,0.1734462,
2,0.181,2,2.002357,0.4199448,0.1737454,
2,0.191,2,1.994108,0.4199448,0.1724577,
2,0.201,2,1.992378,0.4199448,0.1715476,
2,0.211,2,2.004404,0.4199448,0.1665377,
2,0.221,2,1.99555,0.4199448,0.1687634,
2,0.231,2,1.997659,0.4199448,0.2007921,
2,0.241,2,2.000188,0.4199448,0.1892907,
2,0.251,2,1.994953,0.4199448,0.1679378,
2,0.261,2,2.002505,0.4199448,0.1528182,
2,0.271,2,2.000865,0.4199448,0.1633485,
2,0.281,2,2.002754,0.4199448,0.1625887,
2,0.291,2,2.002939,0.4199448,0.1527292,
2,0.301,2,2.001895,0.4199448,0.1589183,
2,0.311,2,2.004275,0.4199448,0.1526045,
2,0.321,2,2.004952,0.4199448,0.1574994,
2,0.331,2,2.005899,0.4199448,0.1542583,
2,0.341,2,2.003823,0.4199448,0.151829,
2,0.351,2,2.003289,0.4199448,0.165693,
2,0.361,2,2.003343,0.4199448,0.1636848,
2,0.371,2,2.005343,0.4199448,0.1558682,
2,0.381,2,2.004493,0.4199448,0.1669578,
2,0.391,2,2.004562,0.4199448,0.1683816,
2,0.401,2,2.002225,0.4199448,0.1764345,
2,0.411,2,2.004852,0.4199448,0.1781437,
2,0.421,2,2.006241,0.4199448,0.1802609,
2,0.431,2,2.004799,0.4199448,0.1699302,
2,0.441,2,2.005199,0.4199448,0.1623299,
2,0.451,2,2.00761,0.4199448,0.1175304,
2,0.461,2,1.999847,0.4199448,0.06153135,
2,0.471,2,2.007096,0.4199448,0.09702865,
2,0.481,2,2.002166,0.4199448,0.1988265,
2,0.491,2,2.006981,0.4199448,0.1938429,
2,0.501,2,2.011313,0.4199448,0.1707689,
2,0.511,2,2.009796,0.4199448,0.1583872,
2,0.521,2,2.007373,0.4199448,0.1504401,
2,0.531,2,1.999154,0.4199448,0.1595124,
2,0.541,2,2.007718,0.4199448,0.1469344,
2,0.551,2,1.993051,0.4199448,0.151059,
2,0.561,2,2.003173,0.4199448,0.1599841,
2,0.571,2,2.003535,0.4199448,0.162569,
2,0.581,2,1.992487,0.4199448,0.1585325,
2,0.591,2,2.009883,0.4199448,0.1647502,
2,0.601,2,1.987538,0.4199448,0.1586495,
2,0.611,2,2.003683,0.4199448,0.1602642,
2,0.621,2,2.010276,0.4199448,0.1740834,
2,0.631,2,1.971769,0.4199448,0.1849425,
2,0.641,2,2.01794,0.4199448,0.175631,
2,0.651,2,1.977017,0.4199448,0.1817885,
2,0.661,2,1.993621,0.4199448,0.1898508,
2,0.671,2,2.003172,0.4199448,0.1613393,
2,0.681,2,1.958103,0.4199448,0.1911214,
2,0.691,2,2.017146,0.4199448,0.1721008,
2,0.701,2,1.964781,0.4199448,0.1820872,
2,0.711,2,1.984754,0.4199448,0.1902432,
2,0.721,2,2.004486,0.4199448,0.1842656,
2,0.731,2,1.945653,0.4199448,0.1675507,
2,0.741,2,2.017197,0.4199448,0.1546743,
2,0.751,2,1.954227,0.4199448,0.1683407,
2,0.761,2,1.981323,0.4199448,0.1663187,
2,0.771,2,1.987895,0.4199448,0.1899897,
2,0.781,2,1.950625,0.4199448,0.2008,
2,0.791,2,1.996182,0.4199448,0.1800572,
2,0.801,2,1.963444,0.4199448,0.2079697,
2,0.811,2,1.974387,0.4199448,0.1827594,
2,0.821,2,1.981595,0.4199448,0.1779508,
2,0.831,2,1.964276,0.4199448,0.1689293,
2,0.841,2,1.975173,0.4199448,0.1638864,
2,0.851,2,1.967977,0.4199448,0.1828396,
2,0.861,2,1.976431,0.4199448,0.1586962,
2,0.871,2,1.966184,0.4200745,0.1452692,
2,0.881,2,1.981798,0.4200745,0.07751955,
2,0.891,2,1.963449,0.4200745,0.170899,
2,0.901,2,1.983213,0.4200745,0.1947507,
2,0.911,2,1.975398,0.4200745,0.1935003,
2,0.921,2,1.95568,0.4200745,0.1798725,
2,0.931,2,1.99318,0.4200745,0.1800002,
2,0.941,2,1.957423,0.4200745,0.1830211,
2,0.951,2,1.981823,0.4200745,0.1754749,
2,0.961,2,1.976477,0.4200745,0.1667487,
2,0.971,2,1.965599,0.4202957,0.1699053,
2,0.981,2,1.994565,0.4202957,0.1742307,
2,0.991,2,1.964469,0.4202957,0.1544247,
2,1.001,2,1.9854,0.4202957,0.1580928,
2,1.011,2,1.980577,0.4202957,0.1538046,
2,1.021,2,1.982892,0.4202957,0.1708736,
2,1.031,2,1.974006,0.4202957,0.1589772,
2,1.041,2,1.993568,0.4202957,0.1515768,
2,1.051,2,1.967947,0.4202957,0.1642482,
2,1.061,2,1.995527,0.4202957,0.1760059,
2,1.071,2,1.989352,0.4202957,0.2094168,
2,1.081,2,1.961865,0.4205704,0.1801756,
2,1.091,2,2.022313,0.4205704,0.1725898,
2,1.101,2,1.945568,0.4205704,0.1650676,
2,1.111,2,2.023285,0.4205704,0.1890336,
2,1.121,2,1.965977,0.4205704,0.1931697,
2,1.131,2,1.993055,0.4205704,0.1953146,
2,1.141,2,2.006413,0.4205704,0.1857575,
2,1.151,2,1.964229,0.4205704,0.1772842,
2,1.161,2,2.017116,0.4205704,0.2117131,
2,1.171,2,1.96217,0.4205704,0.1467843,
2,1.181,2,2.01519,0.4208221,0.1691682,
2,1.191,2,1.969954,0.4208221,0.1629885,
2,1.201,2,2.007082,0.4208221,0.1835514,
2,1.211,2,1.988103,0.4208221,0.1779456,
2,1.221,2,1.988025,0.4208221,0.1629373,
2,1.231,2,2.009049,0.4208221,0.1666304,
2,1.241,2,1.965194,0.4208221,0.1456076,
2,1.251,2,2.030751,0.4208221,0.148017,
2,1.261,2,1.973002,0.4208221,0.1483447,
2,1.271,2,2.003517,0.4208221,0.1619933,
2,1.281,2,2.008798,0.4208221,0.1902861,
2,1.291,2,1.974242,0.4210739,0.1745327,
2,1.301,2,2.03634,0.4210739,0.171571,
2,1.311,2,1.969168,0.4210739,0.1637265,
2,1.321,2,2.011944,0.4210739,0.1493336,
2,1.331,2,2.01223,0.4210739,0.1497999,
2,1.341,2,1.971461,0.4210739,0.1414158,
2,1.351,2,2.032311,0.4212723,0.158661,
2,1.361,2,1.977747,0.4212723,0.1548228,
2,1.371,2,2.007238,0.4212723,0.1639796,
2,1.381,2,2.014084,0.4212723,0.1622721,
2,1.391,2,1.977712,0.4212723,0.1593443,
2,1.401,2,2.02809,0.4212723,0.165068,
2,1.411,2,1.983916,0.4212723,0.1545925,
2,1.421,2,2.008698,0.4212723,0.1705616,
2,1.431,2,2.009777,0.4212723,0.1312025,
2,1.441,2,1.988967,0.4212723,0.1077474,
2,1.451,2,2.004306,0.4215012,0.1118802,
2,1.461,2,2.001478,0.4215012,0.1145681,
2,1.471,2,1.998062,0.4215012,0.0995384,
2,1.481,2,2.003509,0.4215012,0.1121964,
2,1.491,2,2.002092,0.4215012,0.1096556,
2,1.501,2,1.997734,0.4215012,0.1110194,
2,1.511,2,2.008843,0.4215012,0.1033377,
2,1.521,2,1.992395,0.4215012,0.104399,
2,1.531,2,2.001239,0.4215012,0.1141658,
2,1.541,2,2.011985,0.4217453,0.1068604,
2,1.551,2,1.99369,0.4217453,0.1045374,
2,1.561,2,2.009954,0.4217453,0.1014293,
2,1.571,2,2.001569,0.4217453,0.1127605,
2,1.581,2,1.996005,0.4217453,0.1117751,
2,1.591,2,2.016306,0.4217453,0.1006119,
2,1.601,2,1.991258,0.4217453,0.1081926,
2,1.611,2,2.010176,0.4217453,0.1127763,
2,1.621,2,2.006723,0.4217453,0.1093788,
2,1.631,2,1.991709,0.4217453,0.1065546,
2,1.641,2,2.012817,0.4219971,0.1038586,
2,1.651,2,1.997373,0.4219971,0.1127207,
2,1.661,2,2.005483,0.4219971,0.1105674,
2,1.671,2,2.011647,0.4219971,0.1074392,
2,1.681,2,1.997955,0.4219971,0.1085194,
2,1.691,2,2.012415,0.4220963,0.1086646,
2,1.701,2,2.001015,0.4220963,0.1091549,
2,1.711,2,1.999516,0.4221497,0.1071406,
2,1.721,2,2.012683,0.4221497,0.1078064,
2,1.731,2,2.00385,0.4221497,0.1127559,
2,1.741,2,2.005941,0.4221497,0.109092,
2,1.751,2,2.011129,0.4222946,0.1070822,
2,1.761,2,1.999361,0.4222946,0.1078849,
2,1.771,2,2.003844,0.4222946,0.1112752,
2,1.781,2,2.007717,0.4222946,0.1101086,
2,1.791,2,2.001189,0.4222946,0.1082695,
2,1.801,2,2.008726,0.4224014,0.1073031,
2,1.811,2,1.998483,0.4224014,0.1129884,
2,1.821,2,2.006404,0.4224014,0.1109105,
2,1.831,2,2.013851,0.4224014,0.1066328,
2,1.841,2,1.99885,0.4224014,0.1073095,
2,1.851,2,2.004425,0.4225235,0.111265,
2,1.861,2,2.001905,0.4225235,0.1111637,
2,1.871,2,2.005547,0.4225235,0.1052653,
2,1.881,2,2.008063,0.4225235,0.1033357,
2,1.891,2,2.002434,0.4225235,0.1128374,
2,1.901,2,2.008892,0.4226456,0.1114069,
2,1.911,2,2.007687,0.4226761,0.1066689,
2,1.921,2,2.007349,0.4226761,0.1055793,
2,1.931,2,2.008114,0.4226761,0.1111339,
2,1.941,2,2.004426,0.4226761,0.1129888,
2,1.951,2,2.003673,0.4226761,0.1060675,
2,1.961,2,2.009175,0.4227905,0.1087177,
2,1.971,2,2.004237,0.4227905,0.1109383,
2,1.981,2,2.009432,0.4227905,0.1108801,
2,1.991,2,2.007334,0.4227905,0.1067086,
2,2.001,2,2.000481,0.4227905,0.1099492,
2,2.011,2,2.005935,0.4227905,0.1098198,
2,2.021,2,2.008518,0.4227905,0.1093908,
2,2.031,2,2.008482,0.4229507,0.1104388,
2,2.041,2,2.013744,0.4229507,0.1082332,
2,2.051,2,2.005629,0.4229507,0.1119507,
2,2.061,2,2.008381,0.4229507,0.1116523,
2,2.071,2,2.010194,0.4229507,0.1100565,
2,2.081,2,2.007385,0.4230728,0.1085552,
2,2.091,2,2.012059,0.4230728,0.109151,
2,2.101,2,2.012119,0.4230728,0.1117737,
2,2.111,2,2.003598,0.4230728,0.1095735,
2,2.121,2,2.007942,0.4230728,0.1090142,
2,2.131,2,2.002587,0.4230728,0.1101267,
2,2.141,2,2.010607,0.4232254,0.11292,
2,2.151,2,2.012142,0.4232254,0.1088318,
2,2.161,2,2.004106,0.4232254,0.1075045,
2,2.171,2,2.008003,0.4232254,0.1118508,
2,2.181,2,2.010908,0.4232254,0.1127457,
2,2.191,2,2.010006,0.4232254,0.1083564,
2,2.201,2,2.010557,0.4232254,0.1053881,
2,2.211,2,2.005221,0.4232254,0.1095522,
2,2.221,2,2.006211,0.4232254,0.113823,
2,2.231,2,2.009931,0.4232254,0.1083319,
2,2.241,2,2.006393,0.4232254,0.10763,
2,2.251,2,2.00732,0.4232254,0.1089437,
2,2.261,2,2.006046,0.4232254,0.1126071,
2,2.271,2,2.010763,0.4232254,0.1097568,
2,2.281,2,2.011451,0.4232254,0.108509,
2,2.291,2,2.006686,0.4232254,0.1102461,
2,2.301,2,2.011496,0.4232254,0.1118789,
2,2.311,2,2.008374,0.4232254,0.1080805,
2,2.321,2,2.00696,0.4232254,0.1081953,
2,2.331,2,2.006798,0.4232254,0.1117673,
2,2.341,2,2.006937,0.4232254,0.111106,
2,2.351,2,2.005755,0.4232254,0.1102769,
2,2.361,2,2.010302,0.4232254,0.1061238,
2,2.371,2,2.008307,0.4232254,0.106142,
2,2.381,2,2.006569,0.4232254,0.112123,
2,2.391,2,2.01156,0.4232254,0.1097894,
2,2.401,2,2.003784,0.4230728,0.1071453,
2,2.411,2,2.005405,0.4230728,0.1058363,
2,2.421,2,2.006855,0.4230728,0.111099,
2,2.431,2,2.007656,0.4230728,0.1086779,
2,2.441,2,2.010962,0.4230728,0.1055716,
2,2.451,2,2.008328,0.4230728,0.1042376,
2,2.461,2,2.005445,0.4230728,0.1092446,
2,2.471,2,2.012102,0.4230728,0.1088282,
2,2.481,2,2.000359,0.4230728,0.1029862,
2,2.491,2,2.012985,0.422821,0.1063444,
2,2.501,2,2.007434,0.422821,0.1112056,
2,2.511,2,2.004659,0.422821,0.1079264,
2,2.521,2,2.010458,0.422821,0.1009824,
2,2.531,2,2.010519,0.422821,0.1062696,
2,2.541,2,2.009804,0.422821,0.1088021,
2,2.551,2,2.008065,0.422821,0.1038641,
2,2.561,2,2.004598,0.422821,0.09932109,
2,2.571,2,2.008157,0.422821,0.1029938,
2,2.581,2,2.004145,0.422821,0.107815,
2,2.591,2,2.005908,0.422821,0.1064984,
2,2.601,2,2.011557,0.4225464,0.1028783,
2,2.611,2,2.006125,0.4225464,0.102544,
2,2.621,2,2.007104,0.4225464,0.1071292,
2,2.631,2,2.009262,0.4225464,0.1010559,
2,2.641,2,2.007608,0.4225464,0.1004138,
2,2.651,2,2.00913,0.4225464,0.1037729,
2,2.661,2,2.011105,0.4225464,0.1048629,
2,2.671,2,2.005443,0.4225464,0.1035946,
2,2.681,2,2.00751,0.4225464,0.1024049,
2,2.691,2,2.001702,0.4225464,0.1018354,
2,2.701,2,2.007262,0.4222717,0.1068222,
2,2.711,2,2.014653,0.4222717,0.1063296,
2,2.721,2,2.009451,0.4222717,0.09961215,
2,2.731,2,2.003028,0.4222717,0.1019222,
2,2.741,2,2.00631,0.4222717,0.1056447,
2,2.751,2,2.0065,0.4222717,0.1049623,
2,2.761,2,2.012657,0.4221268,0.09898533,
2,2.771,2,2.002654,0.4221268,0.101,
2,2.781,2,2.007553,0.4221268,0.1068901,
2,2.791,2,2.010004,0.4221268,0.1051145,
2,2.801,2,2.009073,0.4221268,0.09971116,
2,2.811,2,2.001747,0.4221268,0.101717,
2,2.821,2,2.006897,0.4221268,0.1067685,
2,2.831,2,2.003664,0.4221268,0.1054896,
2,2.841,2,2.010488,0.4221268,0.09983891,
2,2.851,2,2.004814,0.4221268,0.1020463,
2,2.861,2,2.005973,0.4221268,0.1047732,
2,2.871,2,2.006998,0.4221268,0.1047447,
2,2.881,2,2.006418,0.4218521,0.1013795,
2,2.891,2,2.007823,0.4218521,0.1026357,
2,2.901,2,2.005006,0.4218521,0.1061954,
2,2.911,2,2.004663,0.4218521,0.1025103,
2,2.921,2,2.00477,0.4218521,0.1021892,
2,2.931,2,2.001898,0.4218521,0.09955187,
2,2.941,2,2.001378,0.4218521,0.1043771,
2,2.951,2,2.0081,0.4218521,0.104919,
2,2.961,2,2.004299,0.4218521,0.102358,
2,2.971,2,2.0032,0.4216003,0.102953,
2,2.981,2,2.002226,0.4216003,0.1022949,
2,2.991,2,2.002412,0.4216003,0.1055556,
2,3.001,2,2.00595,0.4215469,0.1042556,
2,3.011,2,2.002004,0.4215469,0.09976002,
2,3.021,2,2.002818,0.4215469,0.1056487,
2,3.031,2,2.009013,0.4215469,0.1059606,
2,3.041,2,2.002146,0.4215469,0.1032696,
2,3.051,2,2.005047,0.4215469,0.1012976,
2,3.061,2,1.999005,0.4215469,0.1018961,
2,3.071,2,2.005961,0.4215469,0.1071553,
2,3.081,2,2.007207,0.4215469,0.1015132,
2,3.091,2,2.000764,0.4215469,0.1016993,
2,3.101,2,2.006221,0.4215469,0.1045735,
2,3.111,2,2.005719,0.4215469,0.1062474,
2,3.121,2,2.004317,0.4215469,0.1047168,
2,3.131,2,2.002774,0.4215469,0.1025656,
2,3.141,2,2.002242,0.4215469,0.1060086,
2,3.151,2,1.999526,0.4215469,0.1066454,
2,3.161,2,2.002715,0.4215469,0.09984598,
2,3.171,2,2.005773,0.4215469,0.1034098,
2,3.181,2,2.003265,0.4215469,0.1037647,

TotalTime
00:01:08.2509993
