Experiment_ID,Carbon_pct,Hardness_HV,Load_N,Freq_Hz,Stroke_mm,Duration_s,Ball_diam_mm,Ball_ID,Specimen_ID,Replicate_of,Ambient_T_C,RH_pct,Initial_Ra_um,cbar_min_um,cbar_max_um,fov_x_um,fov_y_um,track_angle_deg,sliding_step,Notes
TRIAL_2026-09-22,,,2,,,,,,,,,,,,,,,,,TA practice run: ~3 s of sliding; frequency/stroke not recorded; WLI scan looks like unworn surface
R001,0.0,,2,2.0,6.25,600,6.0,,,,,,,,,,,,,
R002,0.0,,2,4.0,6.25,600,6.0,,,,,,,,,,,,,
R003,0.0,,2,6.0,6.25,600,6.0,,,,,,,,,,,,,
R004,0.0,,2,8.0,6.25,600,6.0,,,,,,,,,,,,,
R005,0.0,,2,10.0,6.25,600,6.0,,,,,,,,,,,,,
R006,0.0,,4,2.0,6.25,600,6.0,,,,,,,,,,,,,
R007,0.0,,4,4.0,6.25,600,6.0,,,,,,,,,,,,,
R008,0.0,,4,6.0,6.25,600,6.0,,,,,,,,,,,,,
R009,0.0,,4,8.0,6.25,600,6.0,,,,,,,,,,,,,
R010,0.0,,4,10.0,6.25,600,6.0,,,,,,,,,,,,,
R011,0.0,,6,2.0,6.25,600,6.0,,,,,,,,,,,,,
R012,0.0,,6,4.0,6.25,600,6.0,,,,,,,,,,,,,
R013,0.0,,6,6.0,6.25,600,6.0,,,,,,,,,,,,,
R014,0.0,,6,8.0,6.25,600,6.0,,,,,,,,,,,,,
R015,0.0,,6,10.0,6.25,600,6.0,,,,,,,,,,,,,
R016,0.0,,8,2.0,6.25,600,6.0,,,,,,,,,,,,,
R017,0.0,,8,4.0,6.25,600,6.0,,,,,,,,,,,,,
R018,0.0,,8,6.0,6.25,600,6.0,,,,,,,,,,,,,
R019,0.0,,8,8.0,6.25,600,6.0,,,,,,,,,,,,,
R020,0.0,,8,10.0,6.25,600,6.0,,,,,,,,,,,,,
R021,0.0,,10,2.0,6.25,600,6.0,,,,,,,,,,,,,
R022,0.0,,10,4.0,6.25,600,6.0,,,,,,,,,,,,,
R023,0.0,,10,6.0,6.25,600,6.0,,,,,,,,,,,,,
R024,0.0,,10,8.0,6.25,600,6.0,,,,,,,,,,,,,
R025,0.0,,10,10.0,6.25,600,6.0,,,,,,,,,,,,,
R026,0.5,,2,2.0,6.25,600,6.0,,,,,,,,,,,,,
R027,0.5,,2,4.0,6.25,600,6.0,,,,,,,,,,,,,
R028,0.5,,2,6.0,6.25,600,6.0,,,,,,,,,,,,,
R029,0.5,,2,8.0,6.25,600,6.0,,,,,,,,,,,,,
R030,0.5,,2,10.0,6.25,600,6.0,,,,,,,,,,,,,
R031,0.5,,4,2.0,6.25,600,6.0,,,,,,,,,,,,,
R032,0.5,,4,4.0,6.25,600,6.0,,,,,,,,,,,,,
R033,0.5,,4,6.0,6.25,600,6.0,,,,,,,,,,,,,
R034,0.5,,4,8.0,6.25,600,6.0,,,,,,,,,,,,,
R035,0.5,,4,10.0,6.25,600,6.0,,,,,,,,,,,,,
R036,0.5,,6,2.0,6.25,600,6.0,,,,,,,,,,,,,
R037,0.5,,6,4.0,6.25,600,6.0,,,,,,,,,,,,,
R038,0.5,,6,6.0,6.25,600,6.0,,,,,,,,,,,,,
R039,0.5,,6,8.0,6.25,600,6.0,,,,,,,,,,,,,
R040,0.5,,6,10.0,6.25,600,6.0,,,,,,,,,,,,,
R041,0.5,,8,2.0,6.25,600,6.0,,,,,,,,,,,,,
R042,0.5,,8,4.0,6.25,600,6.0,,,,,,,,,,,,,
R043,0.5,,8,6.0,6.25,600,6.0,,,,,,,,,,,,,
R044,0.5,,8,8.0,6.25,600,6.0,,,,,,,,,,,,,
R045,0.5,,8,10.0,6.25,600,6.0,,,,,,,,,,,,,
R046,0.5,,10,2.0,6.25,600,6.0,,,,,,,,,,,,,
R047,0.5,,10,4.0,6.25,600,6.0,,,,,,,,,,,,,
R048,0.5,,10,6.0,6.25,600,6.0,,,,,,,,,,,,,
R049,0.5,,10,8.0,6.25,600,6.0,,,,,,,,,,,,,
R050,0.5,,10,10.0,6.25,600,6.0,,,,,,,,,,,,,
R051,1.0,,2,2.0,6.25,600,6.0,,,,,,,,,,,,,
R052,1.0,,2,4.0,6.25,600,6.0,,,,,,,,,,,,,
R053,1.0,,2,6.0,6.25,600,6.0,,,,,,,,,,,,,
R054,1.0,,2,8.0,6.25,600,6.0,,,,,,,,,,,,,
R055,1.0,,2,10.0,6.25,600,6.0,,,,,,,,,,,,,
R056,1.0,,4,2.0,6.25,600,6.0,,,,,,,,,,,,,
R057,1.0,,4,4.0,6.25,600,6.0,,,,,,,,,,,,,
R058,1.0,,4,6.0,6.25,600,6.0,,,,,,,,,,,,,
R059,1.0,,4,8.0,6.25,600,6.0,,,,,,,,,,,,,
R060,1.0,,4,10.0,6.25,600,6.0,,,,,,,,,,,,,
R061,1.0,,6,2.0,6.25,600,6.0,,,,,,,,,,,,,
R062,1.0,,6,4.0,6.25,600,6.0,,,,,,,,,,,,,
R063,1.0,,6,6.0,6.25,600,6.0,,,,,,,,,,,,,
R064,1.0,,6,8.0,6.25,600,6.0,,,,,,,,,,,,,
R065,1.0,,6,10.0,6.25,600,6.0,,,,,,,,,,,,,
R066,1.0,,8,2.0,6.25,600,6.0,,,,,,,,,,,,,
R067,1.0,,8,4.0,6.25,600,6.0,,,,,,,,,,,,,
R068,1.0,,8,6.0,6.25,600,6.0,,,,,,,,,,,,,
R069,1.0,,8,8.0,6.25,600,6.0,,,,,,,,,,,,,
R070,1.0,,8,10.0,6.25,600,6.0,,,,,,,,,,,,,
R071,1.0,,10,2.0,6.25,600,6.0,,,,,,,,,,,,,
R072,1.0,,10,4.0,6.25,600,6.0,,,,,,,,,,,,,
R073,1.0,,10,6.0,6.25,600,6.0,,,,,,,,,,,,,
R074,1.0,,10,8.0,6.25,600,6.0,,,,,,,,,,,,,
R075,1.0,,10,10.0,6.25,600,6.0,,,,,,,,,,,,,
R076,2.0,,2,2.0,6.25,600,6.0,,,,,,,,,,,,,
R077,2.0,,2,4.0,6.25,600,6.0,,,,,,,,,,,,,
R078,2.0,,2,6.0,6.25,600,6.0,,,,,,,,,,,,,
R079,2.0,,2,8.0,6.25,600,6.0,,,,,,,,,,,,,
R080,2.0,,2,10.0,6.25,600,6.0,,,,,,,,,,,,,
R081,2.0,,4,2.0,6.25,600,6.0,,,,,,,,,,,,,
R082,2.0,,4,4.0,6.25,600,6.0,,,,,,,,,,,,,
R083,2.0,,4,6.0,6.25,600,6.0,,,,,,,,,,,,,
R084,2.0,,4,8.0,6.25,600,6.0,,,,,,,,,,,,,
R085,2.0,,4,10.0,6.25,600,6.0,,,,,,,,,,,,,
R086,2.0,,6,2.0,6.25,600,6.0,,,,,,,,,,,,,
R087,2.0,,6,4.0,6.25,600,6.0,,,,,,,,,,,,,
R088,2.0,,6,6.0,6.25,600,6.0,,,,,,,,,,,,,
R089,2.0,,6,8.0,6.25,600,6.0,,,,,,,,,,,,,
R090,2.0,,6,10.0,6.25,600,6.0,,,,,,,,,,,,,
R091,2.0,,8,2.0,6.25,600,6.0,,,,,,,,,,,,,
R092,2.0,,8,4.0,6.25,600,6.0,,,,,,,,,,,,,
R093,2.0,,8,6.0,6.25,600,6.0,,,,,,,,,,,,,
R094,2.0,,8,8.0,6.25,600,6.0,,,,,,,,,,,,,
R095,2.0,,8,10.0,6.25,600,6.0,,,,,,,,,,,,,
R096,2.0,,10,2.0,6.25,600,6.0,,,,,,,,,,,,,
R097,2.0,,10,4.0,6.25,600,6.0,,,,,,,,,,,,,
R098,2.0,,10,6.0,6.25,600,6.0,,,,,,,,,,,,,
R099,2.0,,10,8.0,6.25,600,6.0,,,,,,,,,,,,,
R100,2.0,,10,10.0,6.25,600,6.0,,,,,,,,,,,,,
